ranker,qid,query,P@5,NDCG@5,P@10,NDCG@10,AP,n_relevant,retrieved_at_k
tfidf_cosine,q1,minecraft shader first person hand invisible glitch,1.0,1.0,1.0,1.0,0.3571,28,10
tfidf_cosine,q2,league of legends champion pick ranked advice,1.0,1.0,1.0,1.0,0.4545,22,10
tfidf_cosine,q3,skyrim mod load order crash fix,1.0,1.0,1.0,1.0,0.4545,22,10
tfidf_cosine,q4,dota 2 last hitting lane creep timing,0.6,0.6844,0.4,0.5104,0.3044,10,10
tfidf_cosine,q5,climate change evidence peer reviewed study,0.4,0.5531,0.5,0.5704,0.1944,18,10
tfidf_cosine,q6,explain like im five how vaccines work,0.4,0.3601,0.5,0.4427,0.108,23,10
tfidf_cosine,q7,black hole event horizon telescope image,1.0,1.0,0.9,0.9216,0.2582,33,10
tfidf_cosine,q8,world news election congress foreign policy,1.0,1.0,0.9,0.9337,0.356,25,10
tfidf_cosine,q9,breaking bad walter white ending theory,1.0,1.0,1.0,1.0,0.3125,32,10
tfidf_cosine,q10,game of thrones iron throne season finale,1.0,1.0,1.0,1.0,0.3704,27,10
tfidf_cosine,q11,doctor who tardis regeneration episode,1.0,1.0,1.0,1.0,0.2778,36,10
tfidf_cosine,q12,star wars sequel trilogy lightsaber fight,1.0,1.0,1.0,1.0,0.3226,31,10
tfidf_cosine,q13,anime season recommendation slice of life,0.8,0.786,0.7,0.7133,0.2523,21,10
tfidf_cosine,q14,meal prep budget cheap healthy recipes,0.4,0.5087,0.2,0.3794,0.2083,8,10
tfidf_cosine,q15,life hack organize small apartment storage,1.0,1.0,1.0,1.0,0.4,25,10
tfidf_cosine,q16,dad joke pun one liner funny,0.8,0.8539,0.9,0.9052,0.3136,26,10
tfidf_cosine,q17,today i learned historical fact surprising,1.0,1.0,0.6,0.7273,0.375,16,10
tfidf_cosine,q18,harry potter house sorting quiz discussion,0.6,0.6399,0.6,0.6243,0.1877,22,10
tfidf_dice,q1,minecraft shader first person hand invisible glitch,1.0,1.0,1.0,1.0,0.3571,28,10
tfidf_dice,q2,league of legends champion pick ranked advice,1.0,1.0,0.9,0.9306,0.3995,22,10
tfidf_dice,q3,skyrim mod load order crash fix,1.0,1.0,1.0,1.0,0.4545,22,10
tfidf_dice,q4,dota 2 last hitting lane creep timing,0.4,0.4704,0.5,0.5045,0.2719,10,10
tfidf_dice,q5,climate change evidence peer reviewed study,0.4,0.5087,0.6,0.6028,0.2084,18,10
tfidf_dice,q6,explain like im five how vaccines work,0.4,0.3836,0.4,0.3846,0.0864,23,10
tfidf_dice,q7,black hole event horizon telescope image,1.0,1.0,0.9,0.9306,0.2663,33,10
tfidf_dice,q8,world news election congress foreign policy,1.0,1.0,0.9,0.9364,0.36,25,10
tfidf_dice,q9,breaking bad walter white ending theory,1.0,1.0,1.0,1.0,0.3125,32,10
tfidf_dice,q10,game of thrones iron throne season finale,1.0,1.0,1.0,1.0,0.3704,27,10
tfidf_dice,q11,doctor who tardis regeneration episode,1.0,1.0,0.8,0.863,0.2157,36,10
tfidf_dice,q12,star wars sequel trilogy lightsaber fight,1.0,1.0,1.0,1.0,0.3226,31,10
tfidf_dice,q13,anime season recommendation slice of life,0.6,0.6844,0.5,0.5798,0.1741,21,10
tfidf_dice,q14,meal prep budget cheap healthy recipes,0.4,0.5531,0.3,0.4856,0.2875,8,10
tfidf_dice,q15,life hack organize small apartment storage,1.0,1.0,1.0,1.0,0.4,25,10
tfidf_dice,q16,dad joke pun one liner funny,1.0,1.0,0.8,0.8604,0.2952,26,10
tfidf_dice,q17,today i learned historical fact surprising,1.0,1.0,0.7,0.7885,0.4147,16,10
tfidf_dice,q18,harry potter house sorting quiz discussion,0.6,0.4913,0.7,0.5965,0.1936,22,10
tfidf_jaccard,q1,minecraft shader first person hand invisible glitch,1.0,1.0,1.0,1.0,0.3571,28,10
tfidf_jaccard,q2,league of legends champion pick ranked advice,0.8,0.786,0.8,0.7917,0.2948,22,10
tfidf_jaccard,q3,skyrim mod load order crash fix,1.0,1.0,0.8,0.8669,0.3586,22,10
tfidf_jaccard,q4,dota 2 last hitting lane creep timing,0.8,0.8688,0.7,0.767,0.6081,10,10
tfidf_jaccard,q5,climate change evidence peer reviewed study,0.2,0.214,0.5,0.4263,0.1287,18,10
tfidf_jaccard,q6,explain like im five how vaccines work,0.2,0.3392,0.4,0.4381,0.0959,23,10
tfidf_jaccard,q7,black hole event horizon telescope image,0.8,0.786,0.7,0.7255,0.1699,33,10
tfidf_jaccard,q8,world news election congress foreign policy,1.0,1.0,0.9,0.9337,0.356,25,10
tfidf_jaccard,q9,breaking bad walter white ending theory,1.0,1.0,1.0,1.0,0.3125,32,10
tfidf_jaccard,q10,game of thrones iron throne season finale,0.0,0.0,0.0,0.0,0.0,27,10
tfidf_jaccard,q11,doctor who tardis regeneration episode,0.8,0.8539,0.8,0.8318,0.1934,36,10
tfidf_jaccard,q12,star wars sequel trilogy lightsaber fight,1.0,1.0,0.9,0.9364,0.2903,31,10
tfidf_jaccard,q13,anime season recommendation slice of life,0.4,0.4852,0.5,0.5213,0.1395,21,10
tfidf_jaccard,q14,meal prep budget cheap healthy recipes,0.0,0.0,0.2,0.1529,0.0406,8,10
tfidf_jaccard,q15,life hack organize small apartment storage,0.8,0.786,0.7,0.7094,0.2083,25,10
tfidf_jaccard,q16,dad joke pun one liner funny,1.0,1.0,0.8,0.8643,0.3,26,10
tfidf_jaccard,q17,today i learned historical fact surprising,0.8,0.8539,0.5,0.6275,0.2821,16,10
tfidf_jaccard,q18,harry potter house sorting quiz discussion,0.6,0.4913,0.7,0.5965,0.1936,22,10
bm25_plain,q1,minecraft shader first person hand invisible glitch,1.0,1.0,1.0,1.0,0.3571,28,10
bm25_plain,q2,league of legends champion pick ranked advice,1.0,1.0,0.9,0.9337,0.4045,22,10
bm25_plain,q3,skyrim mod load order crash fix,1.0,1.0,1.0,1.0,0.4545,22,10
bm25_plain,q4,dota 2 last hitting lane creep timing,0.4,0.5087,0.3,0.3964,0.2,10,10
bm25_plain,q5,climate change evidence peer reviewed study,1.0,1.0,0.8,0.8572,0.421,18,10
bm25_plain,q6,explain like im five how vaccines work,0.8,0.8304,0.7,0.7472,0.25,23,10
bm25_plain,q7,black hole event horizon telescope image,1.0,1.0,1.0,1.0,0.303,33,10
bm25_plain,q8,world news election congress foreign policy,0.8,0.8539,0.6,0.7059,0.2196,25,10
bm25_plain,q9,breaking bad walter white ending theory,1.0,1.0,1.0,1.0,0.3125,32,10
bm25_plain,q10,game of thrones iron throne season finale,1.0,1.0,1.0,1.0,0.3704,27,10
bm25_plain,q11,doctor who tardis regeneration episode,1.0,1.0,0.9,0.9266,0.2407,36,10
bm25_plain,q12,star wars sequel trilogy lightsaber fight,1.0,1.0,1.0,1.0,0.3226,31,10
bm25_plain,q13,anime season recommendation slice of life,0.4,0.4704,0.7,0.6563,0.2125,21,10
bm25_plain,q14,meal prep budget cheap healthy recipes,0.2,0.3392,0.3,0.4104,0.1982,8,10
bm25_plain,q15,life hack organize small apartment storage,1.0,1.0,1.0,1.0,0.4,25,10
bm25_plain,q16,dad joke pun one liner funny,1.0,1.0,0.8,0.8701,0.3077,26,10
bm25_plain,q17,today i learned historical fact surprising,0.6,0.7227,0.6,0.6902,0.3207,16,10
bm25_plain,q18,harry potter house sorting quiz discussion,0.8,0.8304,0.7,0.7382,0.2519,22,10
bm25_field,q1,minecraft shader first person hand invisible glitch,0.8,0.6608,0.5,0.5072,0.1268,28,10
bm25_field,q2,league of legends champion pick ranked advice,0.6,0.7227,0.7,0.7538,0.265,22,10
bm25_field,q3,skyrim mod load order crash fix,1.0,1.0,1.0,1.0,0.4545,22,10
bm25_field,q4,dota 2 last hitting lane creep timing,0.0,0.0,0.0,0.0,0.0,10,10
bm25_field,q5,climate change evidence peer reviewed study,0.8,0.786,0.8,0.7949,0.3657,18,10
bm25_field,q6,explain like im five how vaccines work,0.6,0.6844,0.3,0.4441,0.113,23,10
bm25_field,q7,black hole event horizon telescope image,0.8,0.786,0.9,0.8611,0.2294,33,10
bm25_field,q8,world news election congress foreign policy,1.0,1.0,0.8,0.8669,0.3156,25,10
bm25_field,q9,breaking bad walter white ending theory,1.0,1.0,0.6,0.7152,0.1771,32,10
bm25_field,q10,game of thrones iron throne season finale,0.4,0.3452,0.4,0.3539,0.0605,27,10
bm25_field,q11,doctor who tardis regeneration episode,1.0,1.0,0.9,0.9364,0.25,36,10
bm25_field,q12,star wars sequel trilogy lightsaber fight,0.6,0.6844,0.6,0.6653,0.1526,31,10
bm25_field,q13,anime season recommendation slice of life,0.6,0.7227,0.3,0.469,0.1429,21,10
bm25_field,q14,meal prep budget cheap healthy recipes,0.2,0.3392,0.2,0.3291,0.1528,8,10
bm25_field,q15,life hack organize small apartment storage,1.0,1.0,1.0,1.0,0.4,25,10
bm25_field,q16,dad joke pun one liner funny,0.8,0.8539,0.5,0.6325,0.1782,26,10
bm25_field,q17,today i learned historical fact surprising,0.4,0.5531,0.5,0.568,0.2178,16,10
bm25_field,q18,harry potter house sorting quiz discussion,0.6,0.7227,0.4,0.5326,0.1545,22,10
twostage_bm25_tfidf,q1,minecraft shader first person hand invisible glitch,1.0,1.0,1.0,1.0,0.3571,28,10
twostage_bm25_tfidf,q2,league of legends champion pick ranked advice,1.0,1.0,1.0,1.0,0.4545,22,10
twostage_bm25_tfidf,q3,skyrim mod load order crash fix,1.0,1.0,1.0,1.0,0.4545,22,10
twostage_bm25_tfidf,q4,dota 2 last hitting lane creep timing,0.6,0.6844,0.4,0.5104,0.3044,10,10
twostage_bm25_tfidf,q5,climate change evidence peer reviewed study,0.4,0.5531,0.5,0.5704,0.1944,18,10
twostage_bm25_tfidf,q6,explain like im five how vaccines work,0.4,0.3601,0.5,0.4427,0.108,23,10
twostage_bm25_tfidf,q7,black hole event horizon telescope image,1.0,1.0,0.9,0.9216,0.2582,33,10
twostage_bm25_tfidf,q8,world news election congress foreign policy,1.0,1.0,0.9,0.9337,0.356,25,10
twostage_bm25_tfidf,q9,breaking bad walter white ending theory,1.0,1.0,1.0,1.0,0.3125,32,10
twostage_bm25_tfidf,q10,game of thrones iron throne season finale,1.0,1.0,1.0,1.0,0.3704,27,10
twostage_bm25_tfidf,q11,doctor who tardis regeneration episode,1.0,1.0,1.0,1.0,0.2778,36,10
twostage_bm25_tfidf,q12,star wars sequel trilogy lightsaber fight,1.0,1.0,1.0,1.0,0.3226,31,10
twostage_bm25_tfidf,q13,anime season recommendation slice of life,0.8,0.786,0.7,0.7133,0.2523,21,10
twostage_bm25_tfidf,q14,meal prep budget cheap healthy recipes,0.4,0.5087,0.2,0.3794,0.2083,8,10
twostage_bm25_tfidf,q15,life hack organize small apartment storage,1.0,1.0,1.0,1.0,0.4,25,10
twostage_bm25_tfidf,q16,dad joke pun one liner funny,0.8,0.8539,0.9,0.9052,0.3136,26,10
twostage_bm25_tfidf,q17,today i learned historical fact surprising,1.0,1.0,0.6,0.7273,0.375,16,10
twostage_bm25_tfidf,q18,harry potter house sorting quiz discussion,0.6,0.6399,0.6,0.6243,0.1877,22,10
lsi,q1,minecraft shader first person hand invisible glitch,0.2,0.3392,0.1,0.2201,0.0357,28,10
lsi,q2,league of legends champion pick ranked advice,0.0,0.0,0.0,0.0,0.0,22,10
lsi,q3,skyrim mod load order crash fix,0.2,0.1312,0.4,0.3063,0.0665,22,10
lsi,q4,dota 2 last hitting lane creep timing,0.0,0.0,0.1,0.0784,0.0167,10,10
lsi,q5,climate change evidence peer reviewed study,0.0,0.0,0.1,0.0734,0.0079,18,10
lsi,q6,explain like im five how vaccines work,0.4,0.5087,0.4,0.4632,0.1062,23,10
lsi,q7,black hole event horizon telescope image,0.4,0.4852,0.2,0.3149,0.0455,33,10
lsi,q8,world news election congress foreign policy,0.0,0.0,0.0,0.0,0.0,25,10
lsi,q9,breaking bad walter white ending theory,0.0,0.0,0.0,0.0,0.0,32,10
lsi,q10,game of thrones iron throne season finale,0.2,0.3392,0.1,0.2201,0.037,27,10
lsi,q11,doctor who tardis regeneration episode,0.8,0.8688,0.4,0.5638,0.1111,36,10
lsi,q12,star wars sequel trilogy lightsaber fight,0.6,0.7227,0.5,0.6086,0.1331,31,10
lsi,q13,anime season recommendation slice of life,0.6,0.5296,0.6,0.5527,0.18,21,10
lsi,q14,meal prep budget cheap healthy recipes,0.0,0.0,0.0,0.0,0.0,8,10
lsi,q15,life hack organize small apartment storage,0.2,0.3392,0.3,0.3719,0.0705,25,10
lsi,q16,dad joke pun one liner funny,0.2,0.3392,0.1,0.2201,0.0385,26,10
lsi,q17,today i learned historical fact surprising,0.0,0.0,0.2,0.1396,0.0228,16,10
lsi,q18,harry potter house sorting quiz discussion,1.0,1.0,0.6,0.7223,0.2662,22,10
bm25_prf,q1,minecraft shader first person hand invisible glitch,0.6,0.7227,0.4,0.5474,0.131,28,10
bm25_prf,q2,league of legends champion pick ranked advice,1.0,1.0,0.7,0.7917,0.306,22,10
bm25_prf,q3,skyrim mod load order crash fix,0.8,0.8688,0.4,0.5638,0.1818,22,10
bm25_prf,q4,dota 2 last hitting lane creep timing,0.4,0.4852,0.2,0.3149,0.15,10,10
bm25_prf,q5,climate change evidence peer reviewed study,0.2,0.3392,0.2,0.2895,0.0694,18,10
bm25_prf,q6,explain like im five how vaccines work,0.8,0.8539,0.4,0.5541,0.1652,23,10
bm25_prf,q7,black hole event horizon telescope image,0.8,0.8688,0.7,0.7779,0.1928,33,10
bm25_prf,q8,world news election congress foreign policy,0.6,0.7227,0.3,0.469,0.12,25,10
bm25_prf,q9,breaking bad walter white ending theory,0.6,0.7227,0.5,0.5989,0.1233,32,10
bm25_prf,q10,game of thrones iron throne season finale,0.8,0.8539,0.4,0.5541,0.1407,27,10
bm25_prf,q11,doctor who tardis regeneration episode,1.0,1.0,0.6,0.7223,0.1627,36,10
bm25_prf,q12,star wars sequel trilogy lightsaber fight,0.6,0.7227,0.3,0.469,0.0968,31,10
bm25_prf,q13,anime season recommendation slice of life,0.2,0.214,0.1,0.1389,0.0238,21,10
bm25_prf,q14,meal prep budget cheap healthy recipes,0.2,0.3392,0.2,0.3373,0.1607,8,10
bm25_prf,q15,life hack organize small apartment storage,1.0,1.0,0.9,0.9337,0.356,25,10
bm25_prf,q16,dad joke pun one liner funny,1.0,1.0,0.7,0.7859,0.2522,26,10
bm25_prf,q17,today i learned historical fact surprising,0.6,0.7227,0.3,0.469,0.1875,16,10
bm25_prf,q18,harry potter house sorting quiz discussion,0.8,0.8539,0.4,0.5541,0.1727,22,10
